{
    "personal-info": {
        "firstname": "Rubén Francisco",
        "lastname": "Gazquez Rosales",
        "job": "Desarrollador de aplicaciones Multiplataforma y Web",
        "birthday": "22/11/1987",
        "phone": "+34 686 378 335",
        "email": "rubenfgr87@outlook.com",
        "address": "C/Nepal 11, Bajo A, La Cañada de San Urbano",
        "github": "https://github.com/rubenfgr",
        "facebook": "https://www.facebook.com/rubenfrancisco.gazquezrosales/",
        "twitter": "https://twitter.com/Fgr87Ruben",
        "instagram": "https://www.instagram.com/rubenfgr/",
        "linkedin": "https://www.linkedin.com/in/ruben-francisco-gazquez-rosales-45b788160/"
    },
    "message": [
        "Programador proactivo y resolutivo en un ambiente dinámico, con amplios conocimientos en JavaScript y TypeScript junto a NodeJS, NestJS y Angular, con experiencia FullStack, servicios REST y GrapHQL, Websockets y MQTT. Buen nivel en sistemas Linux, Docker, Arduino y ESP32 en C++ y Raspberry PI con Python, con gran capacidad de aprendizaje y motivación por la formación continua."
    ],
    "experience": [
        {
            "date": "2018-2021",
            "company": "Comunidad de Regantes las Cuatro Vegas de Almería",
            "job": "Informático",
            "jobs": [
                "Proyecto para el control de inventario con Java, JavaFX, MySQL y PostgreSQL.",
                "Desarrollo y mantenimiento de software, equipos informáticos y redes.",
                "Proyecto para el control remoto con NestJS, Angular, MariaDB, Docker y Compose, MQTT, Arduino, ESP32, Raspberry PI y módulos GSM/4G con tarjetas SIM m2m.",
                "Extensión de la red local a varios km con antenas PTP y PTMTP, para la instalación de videovigilancia, recopilación de datos a través de sensores y control remoto sobre actuadores."
            ]
        }
    ],
    "training": [
        {
            "date": "2018-2021",
            "title": "Ciclo Formativo de Grado Superior en Desarrollo de Aplicaciones Multiplataforma",
            "school": "I.E.S Al-Ándalus",
            "average-rate": "9.85",
            "modules": [
                {
                    "module": "Formación en Centros de Trabajo",
                    "score": "EX"
                },
                {
                    "module": "Proyecto final",
                    "score": "10"
                },
                {
                    "module": "Bases de datos",
                    "score": "10"
                },
                {
                    "module": "Entornos de desarrollo",
                    "score": "10"
                },
                {
                    "module": "Formación y orientación laboral",
                    "score": "10"
                },
                {
                    "module": "Lenguajes de marcas y sistemas de gestión de información",
                    "score": "9"
                },
                {
                    "module": "Programación",
                    "score": "10"
                },
                {
                    "module": "Sistemas informáticos",
                    "score": "9"
                },
                {
                    "module": "Acceso a datos",
                    "score": "10"
                },
                {
                    "module": "Desarrollo de interfaces",
                    "score": "10"
                },
                {
                    "module": "Empresa e iniciativa emprendedora",
                    "score": "10"
                },
                {
                    "module": "Programación de servicios y procesos",
                    "score": "10"
                },
                {
                    "module": "Programación multimedia y dispositivos móviles",
                    "score": "10"
                },
                {
                    "module": "Sistemas de gestión empresarial",
                    "score": "10"
                }
            ]
        },
        {
            "date": "2020-2022",
            "title": "Ciclo Formativo de Grado Superior en Desarrollo de Aplicaciones Web",
            "school": "I.E.S Al-Ándalus",
            "average-rate": "---",
            "modules": [
                {
                    "module": "Formación en Centros de Trabajo",
                    "score": "---"
                },
                {
                    "module": "Proyecto final",
                    "score": "---"
                },
                {
                    "module": "Bases de datos",
                    "score": "10"
                },
                {
                    "module": "Entornos de desarrollo",
                    "score": "10"
                },
                {
                    "module": "Formación y orientación laboral",
                    "score": "10"
                },
                {
                    "module": "Lenguajes de marcas y sistemas de gestión de información",
                    "score": "9"
                },
                {
                    "module": "Programación",
                    "score": "10"
                },
                {
                    "module": "Sistemas informáticos",
                    "score": "9"
                },
                {
                    "module": "Empresa e iniciativa emprendedora",
                    "score": "10"
                },
                {
                    "module": "Despliegue de aplicaciones web",
                    "score": "10"
                },
                {
                    "module": "Desarrollo de interfaces web",
                    "score": "10"
                },
                {
                    "module": "Desarrollo web en entorno cliente",
                    "score": "10"
                },
                {
                    "module": "Desarrollo web en entorno servidor",
                    "score": "10"
                }
            ]
        }

    ],
    "knowledge": [
        {
            "name": "JavaScript, TypeScript",
            "level": 90
        },
        {
            "name": "NodeJS, NestJS",
            "level": 90
        },
        {
            "name": "Git, Github",
            "level": 90
        },
        {
            "name": "HTML, CSS, SASS, Bootstrap",
            "level": 90
        },
        {
            "name": "MariaDB, PostgreSQL, SQLite",
            "level": 80
        },
        {
            "name": "MongoDB",
            "level": 60
        },
        {
            "name": "Docker, Compose, Dockerhub",
            "level": 90
        },
        {
            "name": "Websockets, MQTT",
            "level": 90
        },
        {
            "name": "Angular",
            "level": 75
        },
        {
            "name": "Linux, SSH",
            "level": 75
        },
        {
            "name": "Java",
            "level": 70
        },
        {
            "name": "Python",
            "level": 60
        },
        {
            "name": "PHP",
            "level": 60
        },
        {
            "name": "Wordpress",
            "level": 75
        },
        {
            "name": "Photoshop, InkScape",
            "level": 80
        }
    ],
    "certificates": [
        {
            "name": "Aprende a crear una API RESTful con Laravel",
            "date": "30 de Julio de 2021",
            "duration": "9.5 horas",
            "image": "Aprende_a_crear_una_API_RESTful_con_Laravel.jpg",
            "url": "https://www.udemy.com/certificate/UC-5ff61f9e-9e77-466f-b2d2-b87038c2bfdc/"
        },
        {
            "name": "Angular: De cero a experto - (Edición 2021)",
            "date": "30 de Junio de 2021",
            "duration": "41.5 horas",
            "image": "Angular_De_Cero_a_Experto_Edicion_2021.jpg",
            "url": "https://www.udemy.com/certificate/UC-08f57055-c0d7-4138-b41b-763ad5a73cae/"
        },
        {
            "name": "Curso online de Introducción a Cloud Computing",
            "date": "11 de Febrero de 2021",
            "duration": "30 horas",
            "image": "Introduccion_al_cloud_computing.jpg",
            "url": "https://openwebinars.net/@Aorbk8Ao/"
        },
        {
            "name": "Docker, de principiante a experto",
            "date": "27 de Julio de 2020",
            "duration": "8,5 horas",
            "image": "Docker_de_principiante_a_experto.jpg",
            "url": "https://www.udemy.com/certificate/UC-78804b08-04b2-4d1c-8e59-966b5e505a4b/"
        },
        {
            "name": "Curso de SSH: Imprescindible en tiempos modernos",
            "date": "16 de Julio de 2020",
            "duration": "10 horas",
            "image": "Curso_SSH_Imprescindible_en_tiempos_modernos.jpg",
            "url": "https://openwebinars.net/@Aorbk8Ao/"
        }, 
        {
            "name": "Node: De cero a experto",
            "date": "8 de Junio de 2020",
            "duration": "20 horas",
            "image": "Node_De_Cero_A_Experto.jpg",
            "url": "https://www.udemy.com/certificate/UC-493ecf05-94db-4c6e-87a8-e94c1a57888f/"
        },
        {
            "name": "Master en JavaScript: Aprender JS, jQuery, Angular, NodeJS",
            "date": "11 de Mayo de 2020",
            "duration": "31,5 horas",
            "image": "Master en JavaScript_Aprender_JS_jQuery_Angular9_NodeJS.jpg",
            "url": "https://www.udemy.com/certificate/UC-4756d56d-37a6-474a-be5c-d615bd43790c/"
        },
        {
            "name": "Aprende JavaFX desde cero",
            "date": "7 de Mayo de 2020",
            "duration": "6,5 horas",
            "image": "Aprende_JavaFX_desde_cero.jpg",
            "url": "https://www.udemy.com/certificate/UC-b3df8713-b281-42c5-baca-2a5d72b458c2/"
        },
        {
            "name": "Visual Studio Code: Mejora tu velocidad para codificar",
            "date": "20 de Abril de 2020",
            "duration": "1,5 horas",
            "image": "Visual_Studio_Code_Mejora_tu_velocidad_para_codificar.jpg",
            "url": "https://www.udemy.com/certificate/UC-9cb44ef2-5479-4174-9dd5-72bab93c7517/"
        },
        {
            "name": "GIT+GitHub: Todo un sistema de control de versiones de cero",
            "date": "8 de Enero de 2020",
            "duration": "7 horas",
            "image": "GIT_GitHub_Todo_un_sistema_de_control_de_versiones_desde_cero.jpg",
            "url": "https://www.udemy.com/certificate/UC-Q1LT0B0L/"
        },
        {
            "name": "Aprende Python desde cero",
            "date": "20 de Abril de 2020",
            "duration": "4 horas",
            "image": "Aprende_Python_desde_cero.jpg",
            "url": "https://www.udemy.com/certificate/UC-2600bccc-9532-4af5-81a8-5d932e8113eb/"
        },

      
        {
            "name": "Fundamentos de Programación",
            "date": "4 de Mayo de 2018",
            "duration": "3,5 horas",
            "image": "Fundamentos_de_programacion.jpg",
            "url": "https://www.udemy.com/certificate/UC-JIDBR435/"
        }
    ],
    "about": [
        "Mi historia como programador comenzó en verano de 2018 a través de un libro de introducción con C#, en septiembre de ese año comenzé el Ciclo Formativo de Grado Superior en Desarrollo de Aplicaciones Multiplataforma, y en Diciembre inicié un proyecto para el control de inventario en mi empresa y desde entonces estudio y trabajo dentro del sector de la informática.",
        "Mi afición, tanto laboral como personal, es el desarrollo de software con tecnologías web y el IoT. Mis otras aficiones son la fotografía y la MTB.",
        "Motivado en la formación continua para estar al día y dar el máximo."
    ]
}